Suite/Test/Step Name,Browser,Description,Tag,Start time,End time,Duration,Status
Search Field,,,,2023-09-12 20:16:37,2023-09-12 20:16:48,10.332s,FAILED
,,,,,,,
Test Cases/Search Functionality/Search_btn_clicked,,Verify the search field is working by adding keywords and the seacrh button can clicked.,,2023-09-12 20:16:38,2023-09-12 20:16:41,3.171s,FAILED
"openBrowser("""")",,,,2023-09-12 20:16:38,2023-09-12 20:16:41,2.903s,FAILED
,,,,,,,
Test Cases/Search Functionality/Search_input_blank,,verify an error massage should display when blank input and search button clicked.,,2023-09-12 20:16:41,2023-09-12 20:16:43,1.813s,FAILED
"openBrowser("""")",,,,2023-09-12 20:16:41,2023-09-12 20:16:43,1.536s,FAILED
,,,,,,,
Test Cases/Search Functionality/Search_Input_Invalid,,Verify an error message displayed by enter invalid keywords in the search field and click button.,,2023-09-12 20:16:43,2023-09-12 20:16:44,1.780s,FAILED
"openBrowser("""")",,,,2023-09-12 20:16:43,2023-09-12 20:16:44,1.449s,FAILED
,,,,,,,
Test Cases/Search Functionality/Search_paste keywords,,verify that user can paste keyword with the mouse.,,2023-09-12 20:16:44,2023-09-12 20:16:46,1.795s,FAILED
"openBrowser("""")",,,,2023-09-12 20:16:45,2023-09-12 20:16:46,1.541s,FAILED
,,,,,,,
Test Cases/Search Functionality/Search_search sugestion,,verify whether suggestions are shown or not on adding a keyword to the search.,,2023-09-12 20:16:46,2023-09-12 20:16:48,1.512s,FAILED
"openBrowser("""")",,,,2023-09-12 20:16:46,2023-09-12 20:16:48,1.319s,FAILED
